Item,Open,Close,Volume
0,0.050515690598943105,0.04899270800205528,0.03917319956587531
1,0.0484543786712925,0.051468208734562496,0.03144480231061936
2,0.05095665476647869,0.05069659754865745,0.03020326511600918
3,0.050175822029778536,0.06161694190388224,0.09621407353920003
4,0.06111813636611178,0.061285388881725425,0.08222312333026048
5,0.06091249464778824,0.05995583817335691,0.056275515764284245
6,0.059517203644849956,0.06323483079009294,0.07120887363623733
7,0.06274679816578392,0.06345482086939998,0.05929808538273705
8,0.06297436084474266,0.059675612529465474,0.06484713386686476
9,0.05918820187668404,0.05889916502524363,0.04183387207332466
10,0.058458502434912865,0.06030902981972468,0.03496982757515535
11,0.05982099006299747,0.05927032905451772,0.030549554017476152
12,0.05880478803742577,0.05488729857221743,0.039909852632716195
13,0.05440677821083993,0.05550904629440902,0.03585698702295731
14,0.05495918954149094,0.05426956031392073,0.021831695233858237
15,0.05374875906128827,0.05792765788258651,0.029302119357460438
16,0.05747232463106587,0.06292780258211035,0.048402699794483445
17,0.06251197533960627,0.07009711405185266,0.06538275747339482
18,0.0696257486226642,0.06942678473211751,0.054411461375745054
19,0.06896298305428554,0.07249987499677253,0.059419190686085616
20,0.07203741339659227,0.0699683431764112,0.050720726861077856
21,0.06944807018104841,0.07064483490174357,0.040358535343685845
22,0.07014295214260839,0.06986986949507042,0.05486357798492547
23,0.06942130912226725,0.06905761763427747,0.055153968030439315
24,0.06859246573460324,0.06725944328203794,0.052080848304041014
25,0.06684297322670045,0.07416820200271941,0.06781346070339993
26,0.0737882174149604,0.07602739197088475,0.07491902268347317
27,0.07551781868080533,0.07708403391694434,0.06574876911018263
28,0.07659008777877092,0.07818914825335975,0.06766579360335241
29,0.07772242093340574,0.08220784795613677,0.06954300678475864
30,0.08174602574857272,0.07805323210763086,0.08010840784382416
31,0.07759447059693463,0.08367060023156604,0.07497581276862186
32,0.08313422834971014,0.08555280171430323,0.09208824836404411
33,0.0850779336990241,0.08376874629134341,0.10954174646345169
34,0.08328072719133413,0.08533012825838172,0.09177518410188598
35,0.08491638371348818,0.07857744221009137,0.09333044483791811
36,0.07812667842113126,0.07929647793558477,0.09188299186459187
37,0.07888420062063174,0.07539381867035726,0.09962848726485635
38,0.07496187876247372,0.08261238258179678,0.10338599508834309
39,0.0821975132262708,0.07448711819314523,0.10256228204659923
40,0.07397214114450647,0.07408915159978001,0.09646052275522615
41,0.07369166526355865,0.07533469077867767,0.08466680616727112
42,0.0749055462653428,0.07496310552167922,0.06963199150862631
43,0.07451562171341723,0.0791380339071157,0.08541858271213322
44,0.07864474066816586,0.07475531544535198,0.09691883211611357
45,0.07432367278888079,0.06982737229798992,0.08934540034012814
46,0.06931908937206878,0.06150124468892294,0.11268296643000955
47,0.061114139381836394,0.06092567600614336,0.09806935292510732
48,0.06053273430196916,0.05913580140017656,0.09551633819601421
49,0.05865390188103077,0.057970451499176776,0.06949726891236166
50,0.057511498199608393,0.05737848613720058,0.0681887121638106
51,0.05692803217472418,0.062286397566114995,0.09035632378987787
52,0.06175835644506221,0.060978267067581846,0.0889658978705958
53,0.06052975217698246,0.06045842525263327,0.0664100565765175
54,0.060077983661327536,0.0656267490213671,0.08102807839076874
55,0.06516252237686666,0.06632620545819086,0.08436076197689352
56,0.06585467202495716,0.06292995552381266,0.07075064534932785
57,0.06244293368153729,0.050120233213509655,0.08184010988599642
58,0.049699595405266736,0.04717321484665478,0.10239983324224525
59,0.04667788309970129,0.04695091581537715,0.0884558092900256
60,0.04648511448112398,0.04697808500359878,0.07803059976465157
61,0.04654149381791438,0.0,0.1231941717416968
62,0.000243862880456705,0.009472147837826392,0.18276163872374057
63,0.00912111030977128,0.003667614195031088,0.07056634793309845
64,0.0031734259626112205,0.0067340818237974776,0.06419930128863725
65,0.006117805990380268,0.0006979977408153037,0.0977677153760114
66,0.0,0.00407120495856797,0.07785310656343049
67,0.0035898617618007195,0.0042758358269624624,0.07565703856429229
68,0.003882484727772903,0.01949651742178367,0.1143973293962488
69,0.019010867238168805,0.019617698397673147,0.12455997601851088
70,0.019248570703404286,0.019398644379975807,0.08928379034927342
71,0.018913409520017146,0.013730370105499615,0.08221376470481422
72,0.013250744500774167,0.023092944131396842,0.10108581006279685
73,0.02292773227599776,0.028180946013504724,0.10619332799209871
74,0.027757275885344518,0.027322413706625345,0.09547104188613989
75,0.026741308058070193,0.02788758430502379,0.06810201205155808
76,0.027448266845165326,0.023947365567706935,0.06593441233496028
77,0.02341714426465233,0.02031128104789602,0.06681901217031601
78,0.019873747445052714,0.015196726218126233,0.0475948017465333
79,0.014756233609241831,0.023309041754510207,0.07336263556798624
80,0.022831226964255477,0.023449669410341253,0.06062278530626192
81,0.02293855223733693,0.02613565139630361,0.08294228655445081
82,0.02564782059436156,0.02912063486194534,0.10453628893389316
83,0.028695443038227658,0.02815831672409015,0.07889782443182057
84,0.027751936164164145,0.03030126596872354,0.06180230015195884
85,0.029736915060087174,0.029080774238398832,0.050950772943428535
86,0.02854600891127644,0.03675940463049397,0.1022814707464707
87,0.036309659049746965,0.03523587855505474,0.09444768929751515
88,0.03480102387748445,0.03775495295549362,0.07472542599842422
89,0.03733803938678268,0.03724359029862628,0.06661209292361413
90,0.036792037282870074,0.030268769029840006,0.09261534926829573
91,0.029815301230221802,0.030166363889738493,0.05600420834431645
92,0.02966545335294521,0.03195575486387363,0.06940035888756145
93,0.031384937252343106,0.029941982121379274,0.07784326263962131
94,0.02942905359156517,0.02990028837718041,0.06453156971497623
95,0.029465502653248127,0.026700119948494777,0.05915205835012785
96,0.026186258093268633,0.034283576276423366,0.10194590213006655
97,0.033798093088764525,0.03395416839545545,0.05981666520258791
98,0.0334102060620262,0.03653389178768969,0.05962111698502204
99,0.036106265635078336,0.03544372323497588,0.05626733273956512
100,0.034922377628579235,0.03053181014267997,0.07526825463735692
101,0.030012652328817904,0.03050568622325585,0.06004198107992344
102,0.03000715647543928,0.03429001950050349,0.061988785009713596
103,0.03387409043626584,0.03928262110355579,0.09225499158269887
104,0.0388763240634941,0.04121846671704238,0.06608476843929083
105,0.040735741445579315,0.04152256193198124,0.061080611146090036
106,0.041050004334229825,0.043278761721538994,0.06146031949941848
107,0.042797162665768676,0.045127662812511,0.07058889995864269
108,0.044676564969230725,0.04531070185977501,0.06180812019246831
109,0.04483232245021132,0.061189973001643014,0.14155972601487066
110,0.06067568894269275,0.05891372078327452,0.1615280490849747
111,0.05867899232529057,0.062208064810409705,0.09393075767287151
112,0.06181703092516695,0.06418630621430242,0.08231628129883559
113,0.06364855529003367,0.06273049639581178,0.10288634609400465
114,0.062243708996562105,0.06297309236299316,0.09880330427492534
115,0.06251689350385135,0.0644175290329259,0.09121482713961271
116,0.06402950224055949,0.0686620692000706,0.1095884392350274
117,0.06809769841154849,0.07956941789994733,0.1442512142686629
118,0.07887783042694287,0.07783044944452154,0.11670019600096412
119,0.07735488573871015,0.07385624387025906,0.10130489031171361
120,0.073362101419479,0.06047734929817612,0.15078348049248927
121,0.06000204096009561,0.05800698910400885,0.13246302138683813
122,0.05768140125775102,0.061244919818132584,0.08824553401581109
123,0.060799080218974774,0.06868164848874024,0.09832900555258786
124,0.0682485221150642,0.07609001449257387,0.13041719976862676
125,0.07565032807746556,0.0696115788948997,0.10600701123124798
126,0.06923835341235039,0.07039144302399696,0.07059664003619563
127,0.06990488176670702,0.0750838418683041,0.08216825723827957
128,0.07471350366148742,0.07597584617824375,0.08731384418742519
129,0.07553477463753598,0.07601519196790495,0.0797179350651232
130,0.07550704555912564,0.0727233441050623,0.07172287569766728
131,0.07226806749307647,0.06567465977475705,0.07993012379268173
132,0.06519491980800486,0.06728523177938527,0.05183754660710864
133,0.06686929711532648,0.06771193546416839,0.045688114795206056
134,0.06730450000474643,0.061019516182516095,0.0598325479582964
135,0.060490828419957135,0.0628817171488593,0.056199272783970175
136,0.06246499516115091,0.061733372367102454,0.05116858738017395
137,0.06131058491368262,0.06726031693954033,0.0604871790771509
138,0.06686742352894741,0.07276758861714762,0.06528925332622622
139,0.0723578435070739,0.07138368393130899,0.06094805322001716
140,0.07092785992968305,0.0755579102705382,0.06043533093528701
141,0.07510377170424916,0.07173409859490133,0.04582221999103056
142,0.07132262457975456,0.08301612155508852,0.0677450852764124
143,0.08250407879754725,0.07283233287848541,0.07937240348689997
144,0.07244426267880884,0.07485984232510216,0.03765656963410448
145,0.07439628987428985,0.07715901245188157,0.040356021657709906
146,0.07670432970823514,0.07500067279428198,0.03323447698255137
147,0.07454097758241408,0.07481130753063904,0.024167248365259547
148,0.07435069927239897,0.07649149131697551,0.037679572973722666
149,0.07606237656188407,0.0766933686041348,0.027261076622307562
150,0.07629095410013147,0.07708014926126407,0.03384919415773907
151,0.07660685637686367,0.07826863548505035,0.03972056927165188
152,0.07782128384134172,0.06950908014863723,0.05312585478055849
153,0.06903770792437107,0.07205017539844437,0.030580141542682057
154,0.07159649606871617,0.07196124954552259,0.015681961259673895
155,0.07154562819852421,0.07054759370152226,0.01989615017412679
156,0.07008243530256421,0.0715686497053863,0.04265263950794018
157,0.07117331535856196,0.07296366232232672,0.027494874409555878
158,0.07244463739608466,0.07204076797926685,0.02339754793481278
159,0.07160979853200759,0.0709478224437776,0.01628943503986221
160,0.07047028329625298,0.06896970584809951,0.02178709010319064
161,0.06856237905999922,0.06967777405173255,0.014401296622533824
162,0.06920136569458345,0.06921910386297807,0.009068676056902897
163,0.06872154022290182,0.07473203871332403,0.026132291613646642
164,0.07420797882997278,0.07442755347271447,0.014034887811528882
165,0.07401729457624222,0.06937854635716413,0.019807531010909547
166,0.06893277147392292,0.06859899424860345,0.018787006076916538
167,0.06808330302286926,0.06697116750830305,0.017976346633512656
168,0.06659369255896426,0.06509361513156074,0.014822156176749215
169,0.06468531992611574,0.06666226717710107,0.006814776339839644
170,0.06614930909628684,0.06741746608278264,0.012423250753716399
171,0.06687758773505391,0.06657298250056222,0.010283550396503638
172,0.06624453412400345,0.06801607748218773,0.010979570278559225
173,0.06760597566635974,0.06634001236693397,0.012064157829260826
174,0.0659065079147783,0.06576319560200815,0.002439716854838167
175,0.06525724778154883,0.06648503951233063,0.00011197319849626935
176,0.06592646160971548,0.06554974235294218,0.0019213911835003206
177,0.06507524447804132,0.07036685580571543,0.01664129465448313
178,0.06949289573516783,0.06839872386720748,0.004685501164432816
179,0.06795580546977305,0.07121129258485535,0.02199415712294584
180,0.07075327290559273,0.06880914007998178,0.016970300338130885
181,0.06828095077264205,0.06882255696305419,0.013602673353812642
182,0.06834736940978033,0.06820812612244513,0.0029443867791409187
183,0.06776449668724947,0.06878569173665873,0.006494422224792129
184,0.06834246685875507,0.06826032715821291,0.01555057940670121
185,0.06772690005390934,0.06825393073721327,0.01721928769724785
186,0.06777797089595901,0.06744913616724425,0.010605159187527732
187,0.06697990116457132,0.06648087403816745,0.01021910034531983
188,0.0660179394646739,0.06678704418967447,0.004995254345374553
189,0.06632764329313533,0.06690921583076755,0.0
190,0.06643671724683727,0.06733699598640185,0.002026484271399974
191,0.06690380233114117,0.06699215088938724,0.004437362272940608
192,0.06650880348277226,0.07035747958859155,0.017173655261469127
193,0.06990728620256016,0.07276139500949673,0.012634955974977276
194,0.07233843627483065,0.07365137118594871,0.01740044465340837
195,0.07327170087668854,0.07294558073223263,0.012695518454963445
196,0.07253578737342677,0.07518566977041295,0.012864694755036904
197,0.074786073907237,0.07882893076256493,0.024372670933364017
198,0.07838309433032777,0.09617357515236939,0.0682199634499197
199,0.09616561491854396,0.09492669428516447,0.0487546553598812
200,0.09449470374602363,0.09792440038818474,0.03650454165983147
201,0.09748252755795751,0.0980960740874043,0.031308432697127825
202,0.09764844924504461,0.10148691046547302,0.03220364418945769
203,0.10104363757544933,0.10845421983984142,0.04081028284056093
204,0.10801748518242986,0.09717589432301256,0.04474986536134147
205,0.09658617260776743,0.10025491297786239,0.023675077626851206
206,0.09982268378508415,0.09960860923944291,0.026563885671353843
207,0.09914511688431078,0.10825340342250646,0.03589637539255357
208,0.10787529558947774,0.10877661505924997,0.032913002596423144
209,0.1083393204826958,0.10592817958092367,0.03212051568692317
210,0.10555197041332316,0.10836560600745619,0.0157047990856782
211,0.10767471255437773,0.10711462207019541,0.015461382286193932
212,0.10647452434638065,0.11034760725881455,0.04092377715705556
213,0.10998212785952997,0.10287771080516979,0.04365666215420115
214,0.10235506997470407,0.10566397619158498,0.03782511595385288
215,0.10529379021028633,0.10884633604814602,0.04508091668307576
216,0.1082396300741091,0.1086024451957379,0.03538474848484412
217,0.10817628724127647,0.11014930260679896,0.0327777387492072
218,0.10974291771858134,0.1105823247074476,0.024595207335167103
219,0.11020613072436845,0.11635902611838107,0.0471637498077629
220,0.11590163034490476,0.11215478340353406,0.04071450143603518
221,0.11172860701600641,0.10843329886286455,0.03616679906453406
222,0.10806121781116147,0.11035177273297773,0.02339026472762184
223,0.1099242340404165,0.10578466573512936,0.033980818594941925
224,0.10524698177724907,0.10721184766938992,0.023534776520324888
225,0.10675334522602696,0.10694062381797846,0.018391435070305447
226,0.10649742893986487,0.10869389841500589,0.024884938130940455
227,0.10825449385938309,0.10216855052965877,0.04147703631265738
228,0.10175229039689555,0.10412120624955294,0.0301552905247202
229,0.10365028023856,0.1014858027925682,0.032439669254041584
230,0.10108721407198269,0.10498606477281121,0.02230346612855144
231,0.10453675202060046,0.1044167833038435,0.015449540265693909
232,0.1040196890196347,0.10768600967778498,0.022164707597569513
233,0.10729070541276607,0.10719579421278351,0.029621707640644535
234,0.10674727168351479,0.11182321478035041,0.04445902529192261
235,0.11131193701851953,0.10293376529456415,0.046601975050240094
236,0.10239655429978083,0.0842626591997032,0.05808612057478016
237,0.08358153148449494,0.0885203822345179,0.052293258695608025
238,0.08809276838125633,0.08305284637224254,0.09643485239438598
239,0.08257191823768965,0.08482267365873487,0.07327350068853364
240,0.08439104570601481,0.08624787426258822,0.06332897982638366
241,0.08580291794840793,0.08244496796290139,0.06252544094031849
242,0.08204327022761328,0.0842155440986815,0.03506097857823551
243,0.08377282465379872,0.08614523510708429,0.12445211880720311
244,0.08579846818075763,0.08674872962788664,0.09727495748970477
245,0.08645130374132716,0.08740781060727855,0.07232467194639222
246,0.08713139998371229,0.08551607689714923,0.07160659246703611
247,0.08515425111753182,0.09122062355900142,0.06849698766145641
248,0.09073436904355663,0.09307558564889624,0.05980493959842734
249,0.09265303078827027,0.09591848276269847,0.054669460732960376
250,0.0954587576173777,0.09550447831375365,0.07646305315753975
251,0.09511610989508416,0.09543411768275765,0.041596292736058596
252,0.09482724971508998,0.09782661315202444,0.031033736272103485
253,0.09741916911190508,0.09533324144328532,0.03674744200499751
254,0.09484600119210056,0.08772873933016524,0.04910435343378183
255,0.08724690658398239,0.08894607185255719,0.03356560800838172
256,0.08845988201901665,0.08427687173514385,0.03405827557696019
257,0.08387604365006603,0.09248633486558817,0.10301210280759046
258,0.09206703542177426,0.09141039444934186,0.07999634584509817
259,0.09101927907893494,0.09233707984192104,0.10215044886243238
260,0.09183973816755257,0.09272921165125246,0.12250219119839684
261,0.09231491089972617,0.0916809474565997,0.104836684561085
262,0.0912443124162819,0.09383744619303354,0.10135293880281473
263,0.09339022457555775,0.09287653214759288,0.09423391401352849
264,0.09261295165297782,0.09023995861359603,0.08198782087835776
265,0.08980813039062029,0.08954538529816956,0.10749100540462689
266,0.08909313860192485,0.0891197112811571,0.09567818832066269
267,0.08869887357488775,0.09104082172480428,0.1741851299657797
268,0.09071477445267546,0.09301789305168488,0.10417295104964336
269,0.09262976709073005,0.08999959359325112,0.08966553989447698
270,0.08954487589114014,0.09103100867892923,0.07542279295853063
271,0.09060032955135351,0.09497242089479845,0.15075252547285575
272,0.09473388266053263,0.09734912812491493,0.031136812811239825
273,0.0968319715274825,0.10105388836482439,0.031369636559343675
274,0.10062014460089862,0.1024568575054473,0.02278026612231049
275,0.10216383925827964,0.10519156149819468,0.041070980625901726
276,0.10465930018301191,0.10312331777052901,0.03539496845893789
277,0.10274599377269851,0.10318094796363307,0.034987565794510664
278,0.1027068982702551,0.10423281599548319,0.03612068937549601
279,0.10392558814374554,0.10146544345255716,0.039510697380407855
280,0.10103648672076919,0.10204021648296847,0.02030563097295439
281,0.10157782827856383,0.10404126658808428,0.017804664131623862
282,0.1038010414891964,0.10817376018054757,0.03427116248370361
283,0.10781299884237343,0.11095824704990433,0.055100014415584486
284,0.11048462372639843,0.12545364470798737,0.09200088531754128
285,0.12469084263423248,0.1277253882296025,0.06636002409201355
286,0.12740740236491566,0.12717659090886047,0.049369991709860325
287,0.12676829082457286,0.12999663251835908,0.036283318213030644
288,0.12958998997756194,0.12876830127205313,0.03588358029446338
289,0.12836112028474517,0.12947240681487177,0.05080625175640635
290,0.12906524527244195,0.13872172518650833,0.06346708915145718
291,0.1383218236840304,0.13260418814245517,0.06971847634571593
292,0.1321997865110774,0.13526566091527015,0.130631515308629
293,0.13486298025639654,0.13700122834684736,0.05411294252508182
294,0.13660020077351637,0.14074703488834228,0.053300990866805134
295,0.14034877872145468,0.14004594034370155,0.036022154842044976
296,0.13964590279134392,0.13706459971782425,0.054673797746453714
297,0.1366628566246767,0.14345176930855236,0.05201225944414549
298,0.14305862476761283,0.14638176695513744,0.06750141132294155
299,0.14598833617535567,0.16948453193292273,0.0844476661838292
300,0.16910683077118316,0.16926139044619637,0.08144077707160897
301,0.1688854197008357,0.1575653318350107,0.06723153498371545
302,0.1571802200239919,0.16788249368996966,0.04245297409272987
303,0.16750589804992133,0.165530077258625,0.06464577037090029
304,0.16515175237783092,0.16486848451391373,0.039331955463967685
305,0.16448918978131,0.17142540887756147,0.05172418071999073
306,0.17105047366761778,0.1806113558782212,0.06472442868616787
307,0.18024580141783025,0.18127377547735435,0.05711843666948041
308,0.18090719302286423,0.1772851857563561,0.044961378660382356
309,0.17691550162902087,0.1754871362123312,0.03366031815348357
310,0.17511585945903813,0.18763684148163262,0.05690372688692631
311,0.18678888028982132,0.20248274740946898,0.07898741077001134
312,0.20212930593866923,0.20501644777255945,0.1086818176069772
313,0.20466611066949986,0.20522547033000615,0.07301840501144095
314,0.20487751366593904,0.21807332154987774,0.07304148806696453
315,0.2177355310418289,0.21840749554454175,0.08088682736269474
316,0.21806993498405453,0.21405849090175416,0.08569978776472657
317,0.21371778118409657,0.2139645415181936,0.09001219381631773
318,0.21363781027214962,0.22583979352353012,0.11578148050081485
319,0.2254592035309359,0.21984350765998717,0.09287372663909613
320,0.2194705969346128,0.19457836235865372,0.14509007552306205
321,0.19427479466742342,0.19390386756475536,0.07863208430325438
322,0.1936196015106602,0.20363310472368668,0.060075340132985114
323,0.2033195016859779,0.2109829356748602,0.055744024551049334
324,0.21065296858520244,0.2341210057763582,0.10473655820719857
325,0.23392256792250243,0.22097579898513758,0.11036127633474929
326,0.22062019831037483,0.22733552636967458,0.0742071370718054
327,0.22708222895825098,0.23123843525133136,0.0580951424572847
328,0.23093597755493478,0.2193266144391091,0.06382877900583034
329,0.21896769512402892,0.22658689549628774,0.0442550183550086
330,0.22625491566612987,0.22963645941248562,0.03850187074150817
331,0.2292758238908743,0.2271843836217612,0.0432332242963282
332,0.22685205887158139,0.2132779715295301,0.05739240295633033
333,0.21293224886822892,0.21699660108229002,0.06544661247328867
334,0.216648070280973,0.21238091248689805,0.03924986329182198
335,0.2120216546615578,0.2090885653911969,0.046254295745256135
336,0.20862246934687778,0.22098631407721991,0.028047089118809362
337,0.22070048148671828,0.2263976238388058,0.038964480208791674
338,0.22610003252545952,0.22806325186711135,0.030176950963836754
339,0.22773764070009178,0.23078597427125458,0.0427774575129337
340,0.2304859421066805,0.26103583485657855,0.09493638523611081
341,0.26069568010935745,0.2849121767496493,0.17455957234857378
342,0.28465272951558046,0.2902287882783869,0.08306471977226583
343,0.28986588993604323,0.3019207594205435,0.07745425732619664
344,0.3015195035345831,0.29564980187866,0.07555496880270549
345,0.29532720687241476,0.28487894656250484,0.09919867374652475
346,0.2844487584117783,0.3005340465498758,0.09423556431079577
347,0.30024380979550924,0.29188040658460057,0.11482668729600701
348,0.2915820013799588,0.29978192104647944,0.08511028239128338
349,0.2994699249416315,0.3146205880978674,0.08802611175108838
350,0.31455366925654593,0.3429330195654817,0.10652025922290356
351,0.34273012886776927,0.3403011887436407,0.1600969537705603
352,0.3401952289497574,0.3532814614792316,0.10865802953466874
353,0.3530013792093865,0.3577167085983265,0.09746634238239738
354,0.35745049110446164,0.38133666321649956,0.1152437950656118
355,0.3811363701087529,0.38390499785914906,0.10186241748777175
356,0.38357350004421664,0.3898547614606898,0.08407561312004262
357,0.38968801164521366,0.43383702028500104,0.16418748347607537
358,0.43370205305097304,0.44429704074262755,0.19607211685840895
359,0.4445984879408486,0.43135517773508814,0.2034477501614961
360,0.43126601604089715,0.4636338270512288,0.16324835865522658
361,0.46382660532628134,0.508875244750859,0.18610563175336428
362,0.5089167722953032,0.5495596025139182,0.21407220456901574
363,0.549652287349195,0.5723496449089286,0.22394887106118136
364,0.5721453163588073,0.5636739762937717,0.14682405987698316
365,0.5636010130356646,0.5333508844885152,0.19995594594032906
366,0.533101025276429,0.4887828071067981,0.32790946498817675
367,0.4878524153526164,0.4625240324067649,0.18458176837595155
368,0.46225191842754637,0.516735104471106,0.16861271917393983
369,0.5167705965848768,0.5466246749428554,0.15164175486529025
370,0.5460540647081777,0.5088912826064386,0.1638784839368199
371,0.5087212947830861,0.4985515460656589,0.13419405923411448
372,0.49820123217032747,0.49237123048964837,0.11840990980959518
373,0.4922631499533601,0.5057713892612984,0.11000122094724141
374,0.5058528340367193,0.4968208305534253,0.13283010450742705
375,0.49638603923339836,0.48848077122740063,0.16114407952517126
376,0.4883806418057575,0.4130438781219702,0.18714967622148854
377,0.41272934570866276,0.4478713607972249,0.19176772754145985
378,0.44739331674251775,0.43288448399096724,0.10658547823542228
379,0.4326623375163439,0.4364268219405665,0.1074389755231347
380,0.4362024165267306,0.4376571501183064,0.14066222498938888
381,0.4373665694233701,0.44090746804773195,0.14172024211963097
382,0.4406507477608144,0.40676309193318483,0.14857360915335488
383,0.4067085446530592,0.45522543522769576,0.18973027979849122
384,0.46870386293541516,0.4688091868830623,0.31189012884610556
385,0.4683403247249949,0.4680605248076217,0.1561465368600531
386,0.46793975195714826,0.44960625738464854,0.11957516065118781
387,0.44945288779615783,0.4563609403643729,0.14510060035786865
388,0.45614577551237584,0.4878823158382638,0.15008468160136965
389,0.4877638571697654,0.5192229690173747,0.14441098736013067
390,0.519168724697216,0.5104999980888741,0.16705907951004453
391,0.5104783440893846,0.5299619670367464,0.13682718038826555
392,0.5297732236027918,0.5478816808764719,0.17440436024333114
393,0.5475486870156467,0.5420894564438442,0.15720586988286736
394,0.5417392577300427,0.6585987984557167,0.263391144938834
395,0.6584218457174063,0.6631460609474394,0.23487936923689515
396,0.6629747230714427,0.6381776783784355,0.22156802352120733
397,0.6378568619976228,0.685962625088058,0.20411331336272975
398,0.6854741222747437,0.6795008669880633,0.1898421244229465
399,0.6793054640273913,0.6731212950974007,0.17122889881313047
400,0.6732828830647277,0.6988701034324677,0.17417597252106531
401,0.6985762367293877,0.6865333730535476,0.1913621676840339
402,0.6865520589715061,0.7065795692540892,0.19130217547937095
403,0.7067419506981982,0.7536933597895545,0.2024353072647677
404,0.7536456868292873,0.7461975032272674,0.11750906263510227
405,0.7462114209828684,0.8134275697757875,0.15128601923489754
406,0.8135423073291203,0.8168045680430595,0.16501425223416202
407,0.8164398086643627,0.8398160202108182,0.11704513800742483
408,0.8398488965075851,0.7865758312480611,0.23559552648562546
409,0.7866441020250221,0.7005816608837561,0.277075999415591
410,0.7007913779053704,0.7146545359322459,0.1518765577974487
411,0.7147647724791645,0.6729349564329624,0.12474771432997694
412,0.6743373999317516,0.6608880307284064,1.0
413,0.6609764182923984,0.6584708076316167,0.09937059510384891
414,0.6585661118685951,0.6416856628669585,0.12161033502502
415,0.6420264035785,0.7134709172288302,0.12293124556008675
416,0.713214317297599,0.693465595718579,0.10415322862136503
417,0.694088123011188,0.7279606517141745,0.12095174224915883
418,0.7277665251567692,0.6963759984754676,0.11836256133107687
419,0.6958662189378114,0.7022251978580726,0.10738612372138345
420,0.7018169166363979,0.7019868141681349,0.0652788952095848
421,0.7021278695224453,0.7386394297699885,0.09118234179365856
422,0.7381876624087127,0.7552512159245297,0.10730197980572947
423,0.7557560320738004,0.7964294397928683,0.11413603502440561
424,0.7965419466012893,0.8153513011919418,0.13298180158733902
425,0.8147548924336588,0.8440523230357976,0.13143704126147418
426,0.8444611040969588,0.8364954352565577,0.12824144081129316
427,0.8368213058247552,0.8989753635604788,0.1429437129668477
428,0.8988187162785678,0.8679706940951439,0.0934372328357678
429,0.867583033601148,0.8137321642235849,0.1599182617898567
430,0.8127980563664715,0.828073376933523,0.14022747574243047
431,0.828546861393079,0.8610785348670078,0.14172877943890314
432,0.8615979243660659,0.8449118148058269,0.12840705568424027
433,0.8449283140870214,0.8527035292408875,0.10867908229537313
434,0.8526316269374757,0.8521762145340882,0.11251078780946253
435,0.8522743340149858,0.8395520508368819,0.11718044143950279
436,0.839611513113356,0.7917171184373013,0.13069633485887358
437,0.7915480894664976,0.7950687806370039,0.1304411617096475
438,0.7947269410229981,0.7636821356308029,0.17216410190135276
439,0.7630109957037415,0.7465867176445818,0.16458425344816585
440,0.746323836165613,0.8014328763090529,0.13108233156040608
441,0.8015550392229064,0.8147915363493394,0.1033727635647872
442,0.8149429380532388,0.8144278452119161,0.10461285704562878
443,0.8145105767698272,0.8431749212869692,0.13395609880398146
444,0.8433245865994108,0.861826136072624,0.12447477269999671
445,0.8621926631356641,0.8618443580719596,0.15726546293820334
446,0.8621332704474474,0.8646716385579065,0.14589407824403947
447,0.8648882543121216,0.8692806187117623,0.13721037595891336
448,0.8696611531599409,0.8408375754475408,0.1399072832321098
449,0.8410016517537519,0.8592838551447779,0.1136560909657808
450,0.8594842691189498,0.8640656946758921,0.14305130272348396
451,0.8660562480608381,0.8502386294061102,0.15885146067599004
452,0.850301322652059,0.8159964972574565,0.18715627732789245
453,0.8169409930207658,0.8523408989732886,0.12045883178930769
454,0.8525405081865732,0.8510796495603747,0.10156790380557826
455,0.8513768236865286,0.8758133302817724,0.135765534119172
456,0.8768368640860471,0.882390910404941,0.10046090946042821
457,0.8821083242693388,0.8774143700590085,0.11684173218588989
458,0.8775369608630289,0.9350858122779925,0.17044062098373886
459,0.9356328774939308,0.9287952910484661,0.19248959380236527
460,0.9284613509107379,0.9320593378815006,0.14378380413306605
461,0.9313920771777694,0.9042425198341704,0.2126871667287028
462,0.9037556163874357,0.8900408427081853,0.15908980597797442
463,0.8905170423915156,0.8186683291120854,0.25158669011564005
464,0.8184066371922385,0.8108097174739847,0.15674596752356423
465,0.8102560992730985,0.8227715863802724,0.1641399603553339
466,0.822875952593768,0.7817635385125777,0.12598783093347957
467,0.7810831102932837,0.7475151035490853,0.18465661845212378
468,0.7472319010306724,0.7368335797125495,0.21970090236870052
469,0.7376937850391879,0.7201746160528794,0.10853329909878268
470,0.7202606258577903,0.7034544963680419,0.09997927098489276
471,0.7046717626550768,0.7836113241301316,0.13590006980332336
472,0.7838522085086802,0.7997683091505716,0.10981380790595652
473,0.7999413817274866,0.7964388004089653,0.10553986565703768
474,0.797086785520325,0.7761564670663493,0.09989606111314717
475,0.776471527232703,0.8431745468623253,0.11851642299261067
476,0.8427575144553434,0.844418635145728,0.09029359545581497
477,0.8445353605704496,0.825296456562178,0.07653861752967506
478,0.8252604659784193,0.834389920675799,0.1165005917816831
479,0.8347558017475815,0.772616781291311,0.16625200822417727
480,0.7714113451400918,0.8379638663057525,0.1682495846551473
481,0.8383871244146291,0.8215492147262148,0.16908204875020919
482,0.8219618297994163,0.8368838384204771,0.16586618692952182
483,0.8369715049994779,0.8600063074951467,0.15685849704466462
484,0.8613471136027867,0.8508769610198204,0.1584046617769552
485,0.8513303587443274,0.8129748903813351,0.17573442295910502
486,0.8129012909759586,0.8264705898412822,0.14482897305277254
487,0.8267674539559903,0.7057914053787192,0.18588707092881135
488,0.7151860796029396,0.7148280193505776,0.24937917323142936
489,0.7143474623396647,0.7174534849534726,0.12838183230049893
490,0.7171056313011833,0.6676045223944549,0.13848928719450984
491,0.6669217450433648,0.6627459258113451,0.15291681232798118
492,0.6621135603187396,0.6161208218402519,0.18496663591988521
493,0.615303441053725,0.6060864910006647,0.1297099907210614
494,0.6066206796971685,0.5117201231950684,0.33687726475763546
495,0.5076344273245836,0.5721120724723859,0.22446382819007296
496,0.5690805662127925,0.5165487034025605,0.2060698384229534
497,0.5175047926339577,0.5202540720825163,0.13322299416515093
498,0.5200695450282762,0.47606516205683624,0.19549357547614474
499,0.4748063211307068,0.538934928819145,0.1626940859021892
500,0.5402836060192585,0.5340822606262299,0.12978247258444472
501,0.5338379692521993,0.5483319889148464,0.11541884605680489
502,0.5486150699297381,0.5346373451607838,0.09139936574952409
503,0.5356679010686437,0.4908747799962697,0.12679552829373722
504,0.4905351412359375,0.47359670518794206,0.09736320728671619
505,0.47332012996194367,0.4905636331172045,0.05725598210512396
506,0.49012644959378143,0.5169986370162911,0.07899626324477663
507,0.5162699118515081,0.5066476677361951,0.06609332137639715
508,0.5067751381582596,0.5208698758134863,0.06146242362319389
509,0.5211561002223822,0.546967148683792,0.06851815141211476
510,0.5474254674847827,0.509994212799098,0.08732550675635388
511,0.50965671400928,0.48854798045097725,0.06999054699949532
512,0.4882081469531238,0.49350711005096926,0.049188321703419885
513,0.492951068418878,0.45673686270682956,0.06327240799825279
514,0.4570462211261603,0.4553298372992314,0.11115365771906105
515,0.4542876149944866,0.5171945859132556,0.12317221160549538
516,0.5178003196588175,0.5069299839176815,0.0924771561235759
517,0.5067289230275758,0.5170232866386799,0.07808071376303086
518,0.5170109777173123,0.4885569042383231,0.07579115570820276
519,0.48848281471629657,0.5451953712689461,0.08389496431624391
520,0.543819937856887,0.5630977367668385,0.09121616162301693
521,0.5663661142667857,0.5660978142259367,0.10087393062740088
522,0.5622336072433349,0.5332010522268554,0.07959200674135879
523,0.5330193369103012,0.5285113211581359,0.0733479285930971
524,0.5291511304720589,0.49230682945090076,0.07070328081307799
525,0.49325902356671886,0.4895690364548414,0.05596049545254182
526,0.48860035103514393,0.4908858255232642,0.07207064368183537
527,0.4898474725819369,0.4266388937187068,0.1197360506864586
528,0.42559566931749987,0.43988201255430226,0.13790858005559586
529,0.43987829932316064,0.4593300029821362,0.10056972161224739
530,0.4585375958839056,0.47433750434586097,0.06161742376578967
531,0.4741466938195132,0.4260172240016493,0.08260122718584165
532,0.4251525973652878,0.43477972793213304,0.07774311032293084
533,0.4362299894729426,0.4741331308944092,0.06866839694572241
534,0.4744667023730595,0.4706934789033944,0.0638882262514135
535,0.4712121579268442,0.49359335252727665,0.07572393552856835
536,0.49412012386654264,0.4803825902213231,0.06437982591441675
537,0.48017221006750405,0.45691914510429243,0.07553940605021858
538,0.4564080151525674,0.4621100435588469,0.07816703390725478
539,0.46128146313606383,0.4744351043696994,0.03581578905713788
540,0.47424999088187964,0.4843276530774703,0.03741107927338147
541,0.4841429641335612,0.45969706394135446,0.042717146518457455
542,0.4591884173391176,0.4675121175125504,0.042066764365711135
543,0.4672171096907383,0.4614435676927384,0.03703235289506483
544,0.46184397621994205,0.44582026259804364,0.05213166746682177
545,0.44540943857859244,0.4605279122261269,0.0448264892662396
546,0.46059110900825323,0.4560948492507879,0.03164684538017502
547,0.45576012898268253,0.4675918699616971,0.023193894598653918
548,0.46767014287719916,0.45026905140842555,0.03563138906509955
549,0.44962700642365333,0.44301903582690005,0.02027736681166814
550,0.4432058824117204,0.44494123834242516,0.026936866027066422
551,0.4448690962668666,0.42830093351084175,0.026712468239239326
552,0.42909980669584796,0.4225626886310403,0.03379497203423033
553,0.4219972905442843,0.42434441950100266,0.019610618954906373
554,0.4241808617897796,0.428557820018598,0.019294624187740722
555,0.4284356827773445,0.4129181962498408,0.02415653235517285
556,0.4130596589872941,0.3967752521535462,0.03216761830117092
557,0.39640022852757595,0.4335722396576698,0.04709093802427619
558,0.43385337637752314,0.4368058644883889,0.021559782450106216
559,0.4365247358368111,0.45706985102345465,0.030407376048803614
560,0.4571135453300485,0.4684267121093376,0.027787656118228504
561,0.4682501427672821,0.48532462109591124,0.025402108484069222
562,0.4857367616133627,0.5170733971368527,0.11446049280360954
563,0.5159860010621986,0.5501330962601296,0.0674453335497891
564,0.551593572649436,0.5595420755403279,0.07808858972755012
565,0.5594638844991454,0.5597420183001605,0.04403268110568559
566,0.5599759981094264,0.5953213456603287,0.061468079611493615
567,0.5946509608500387,0.5855866793440611,0.040004813091252325
568,0.5828924576407101,0.5592064038470884,0.042619376612318544
569,0.5580538858431314,0.5468581911124226,0.039391968373332115
570,0.5464009279998242,0.5301005041549824,0.041147321449437196
571,0.5309714445450907,0.5555737359521529,0.03873447612040559
572,0.5554519115327485,0.5734990037574292,0.06770413628662104
573,0.573380009782619,0.6046023341164268,0.07668351120646992
574,0.6048271579093574,0.6323884493429588,0.08201063661796941
575,0.6326723986751996,0.6202841118596744,0.07100376166817832
576,0.6201616505346716,0.6612976512888125,0.07818210292361508
577,0.6599543769226119,0.648830870750251,0.06286523085062679
578,0.6490642809999856,0.6489683469986627,0.06514941897151574
579,0.6486993688262206,0.6303513920679231,0.06338956880649824
580,0.6305180866036576,0.6841092855049533,0.05754583794099735
581,0.6844133601197896,0.6729843804859548,0.055972525385995536
582,0.6729976607649528,0.6721865439739513,0.055315938660406516
583,0.6717712735740884,0.6555318237935784,0.06059446594523184
584,0.6544482812717805,0.6346179608849495,0.06258577224388379
585,0.6344680438609069,0.6363086129602877,0.058873984271761964
586,0.6353495037993834,0.6669238183918789,0.07366572421463208
587,0.6670254168230071,0.7088050245291044,0.06629243888610073
588,0.7086572556006493,0.7018767333228338,0.08364724147617705
589,0.7013352800312165,0.7085250797036959,0.03872978974865762
590,0.7080913076084094,0.7121115061551121,0.06510615150686584
591,0.7124187925210429,0.682716176213286,0.06822415352882188
592,0.6830794915236454,0.7027601258659643,0.060209107906831635
593,0.7034702317101746,0.6705125537952656,0.06026874393335396
594,0.6697662863369588,0.7043237855829194,0.06571440053390303
595,0.7045885129669665,0.7018273716739488,0.04816877182417344
596,0.7020090841460118,0.7006680281682779,0.04026108993126487
597,0.7007876307326123,0.6723140355651928,0.05784918256364947
598,0.6718412832517866,0.6740985434179306,0.06636180679544822
599,0.6730473108039984,0.7009427310486721,0.07937874219007171
600,0.7003558939779936,0.7086220556864611,0.08046718180427888
601,0.7080365364332611,0.7197673668485512,0.09138522673237787
602,0.7195650256881183,0.7184773491421658,0.07445404249687122
603,0.7184224502612779,0.747373508629591,0.0533488528856904
604,0.7476986738505798,0.7614339028566182,0.07862503053651335
605,0.7619515450592528,0.6684183343579307,0.1563479770575924
606,0.6686984045537642,0.6569201903730899,0.10851342313745208
607,0.6518627945215335,0.6617133250476279,0.07800076470610394
608,0.6618060423410537,0.6376301447408665,0.07942381683003287
609,0.6373952727666976,0.6427030994325984,0.0656812111601951
610,0.6427798351144062,0.6564709432045398,0.046143108504667754
611,0.65637894958254,0.6388948263796826,0.08478311545518094
612,0.638837559561311,0.6729132398036174,0.07794022970642027
613,0.673018957196795,0.6902283202475821,0.053826599618383666
614,0.6899806595923376,0.6839501550313039,0.05760498558692258
615,0.6837789013189549,0.675709380640015,0.048639994385271834
616,0.6758252773282558,0.6918580659141823,0.04819099417170547
617,0.6917385207860669,0.6755927473634459,0.043443917163085155
618,0.67563148604378,0.6050384764224411,0.09346268216439843
619,0.6076959933730001,0.5706892588256374,0.1076080245216221
620,0.5703756515708898,0.6167118511406183,0.07642732617511298
621,0.6164583821506674,0.6378088701042125,0.06492609090199546
622,0.6377863526968902,0.604973763363157,0.09030221140453454
623,0.6049565602752723,0.6030062866677759,0.05713386279101344
624,0.6030498114172856,0.6108653351346278,0.05434835222338205
625,0.6112445035220926,0.5953242786533723,0.05528957614904256
626,0.5947244054360985,0.576134766038031,0.05303078117096166
627,0.5765634828521881,0.5845988847293951,0.05417457157323699
628,0.5843381793436853,0.6201687266652516,0.05576682901275429
629,0.6205584136768808,0.6892792785835578,0.09033556055252373
630,0.6896379181907252,0.6828019818608421,0.05420995995275313
631,0.6823243737599981,0.6906054282680777,0.042470808685045436
632,0.6907800564474105,0.7051902042088606,0.06238445393925904
633,0.706225278027728,0.7435618033507729,0.06973791845601397
634,0.7431846421874696,0.8050135615825962,0.10859304067115955
635,0.8047695513734887,0.7801643084544538,0.07249526678570277
636,0.7802043982814967,0.7827501474492048,0.06656997716351944
637,0.782245046112708,0.7987315897157719,0.05975108756149336
638,0.7986013302962914,0.7955901045495012,0.0805254078208501
639,0.795104843395658,0.8389348742155511,0.08970579904246787
640,0.8397544677540796,0.815870628173005,0.085119137130487
641,0.8159552367738542,0.8375978662163586,0.08689199404919905
642,0.8372923254404552,0.8363266321462746,0.07192821526982594
643,0.8368617752905433,0.9045805628834879,0.11669822903660995
644,0.9050283436147427,0.8933694777922893,0.06494646142020086
645,0.8934870515196285,0.9039362404754756,0.04953943342454417
646,0.9040575136059843,0.9114840172550477,0.07617889582354105
647,0.9119613001989999,0.9472037538566712,0.08331064920374365
648,0.9477970121543297,0.9748547641908695,0.08424877983578484
649,0.9752586673354954,0.9144249980245199,0.0993622547316651
650,0.9150745762322328,0.8901757603881972,0.077296414445507
651,0.8904010049417714,0.9013801682399132,0.04319244755441909
652,0.9011723154879644,0.8939870288382641,0.04447269027385092
653,0.8935873508437884,0.927679068780949,0.05554017759803215
654,0.9277829252828741,0.8849282614083094,0.06680052964749927
655,0.8849230755395054,0.8548719471618182,0.09271642500050081
656,0.854845456602993,0.8890554194495973,0.09744017431159227
657,0.8892857214231862,0.914709248733333,0.07263999407794593
658,0.9150981209677299,0.9092914489445866,0.05876715575020881
659,0.9088808119274008,0.9001874385368296,0.05901297074931401
660,0.9004065807348356,0.8951623477954072,0.07055473592580065
661,0.8946957645456504,0.9306597385626726,0.07526693113957854
662,0.9313254399555536,0.9265643442120074,0.07047844373897588
663,0.9263287099883138,0.9023165418701528,0.06011905284761984
664,0.9026389589055058,0.8970996833069559,0.05418266846368183
665,0.8963844279491124,0.9035186945934407,0.049724151099271446
666,0.9041553148149721,0.9322666443259963,0.03682783551182739
667,0.9327600450460128,0.9999999999999999,0.08524269038024386
668,1.0,0.9904946063740022,0.08888109480262829
669,0.9904648192938429,0.9589175664363877,0.10769582181476994
670,0.9588975118273263,0.9581943652367312,0.06975778469531663
671,0.9570603354768826,0.945509544747216,0.0703608298688762
672,0.9457751001869089,0.9505192216741322,0.05379628599574149
673,0.950527514490317,0.9664517391205655,0.03799500405221688
674,0.9675693439300049,0.9359551014928701,0.05404586067103963
675,0.9387895582782791,0.8816924836358879,0.1021262695589503
676,0.8815275749447042,0.884995657844208,0.07949386483258192
677,0.8850531648870927,0.8302657580316621,0.08601835754960471
678,0.8296708258618872,0.8490759160786444,0.07808859881187444
679,0.8491593717540116,0.8742790628993619,0.05423924227282721
680,0.8749866975367085,0.8588352944214082,0.040951337278778685
681,0.8586204833453159,0.8198362219804582,0.06726450685029778
682,0.8202127744616687,0.8402813676390553,0.07449678075903504
683,0.8403783095654329,0.8196946270609639,0.07198659887595305
684,0.8339762024552475,0.8355782820913706,0.06504404191655395
685,0.8626724261544665,0.7763906072769897,0.08726545052742796
686,0.7791537534929895,0.7962850366885448,0.05405204334348658
687,0.7963662666518112,0.8351593633189749,0.046836629488976364
688,0.8359984891399439,0.8440754125555036,0.05939571228383815
689,0.8446033093031308,0.831276829378356,0.07220220124282294
690,0.829860058086174,0.8348617581311967,0.0726438720835892
691,0.8348068257499717,0.8228480314117315,0.05942266214090661
692,0.8234840562795371,0.7768455956234127,0.08129697562464934
693,0.7790170441401962,0.7065928613289469,0.14505713261590034
694,0.7066498951541063,0.709279046128258,0.07364768210883336
695,0.7100387132908221,0.7286696871814708,0.0751507343177885
696,0.7287181821315818,0.7305461786883889,0.06325138205062397
697,0.7300902718898591,0.727426347747356,0.04790777403470528
698,0.7266118338713441,0.6821730732673362,0.05122583398730951
699,0.6817187057365218,0.6753225375787784,0.055248172836751375
700,0.6756830721220839,0.7091777642620881,0.0399251707520548
701,0.7091014204782492,0.7209329507649535,0.02859812054536888
702,0.7212504415418567,0.6672417673186414,0.0587931042649702
703,0.6668128272218611,0.6652472696447934,0.0660909470581865
704,0.6935115580294668,0.701736636101915,0.07170985242272512
705,0.7018366517462574,0.6820661126274009,0.044330881122250546
706,0.6819039409765333,0.6586895340277507,0.06096601309452396
707,0.6589696199217691,0.6690197851442186,0.04087707162845501
708,0.6691157771461432,0.6667550776857031,0.038089365500386385
709,0.6667686730361942,0.6695230118655949,0.05523605944088347
710,0.6696307635888722,0.7023739068458007,0.0437039623089559
711,0.7024223348483569,0.6974518452855529,0.03600480003018458
712,0.6974540209411999,0.7318953554885075,0.04715250461585646
713,0.7323030398564283,0.73249693108301,0.03576841471914713
714,0.7330843253765035,0.7262291873526532,0.02001104951113214
715,0.7262698419042832,0.7322943673506702,0.025720038103078297
716,0.7322480188697628,0.7295929559491746,0.03563979205328416
717,0.730285499590559,0.680842867315841,0.06252381544854126
718,0.6814265511671445,0.6625646418795992,0.052541537751995035
719,0.6633079716354011,0.6742812626441447,0.042613628136326936
720,0.6741600337545323,0.6603557860971293,0.07298627491954765
721,0.6604483791978952,0.6824077751149424,0.03640244202950593
722,0.6823387379222376,0.6769506607385885,0.04634855944763118
723,0.676944682736875,0.6627788127758992,0.061464670855338716
724,0.6628002921795505,0.6538238857805143,0.08928463774224948
725,0.653855166277044,0.6166239237534136,0.0726228796833043
726,0.6165417567445363,0.6101047538746905,0.05301043293105048
727,0.6099556634519255,0.5844956683358985,0.21240256211646746
728,0.5845011813586649,0.5873079718360903,0.04668744666188798
729,0.5872712788201302,0.5901461730408172,0.02669434132181088
730,0.5900772242343152,0.588702953250977,0.05860859698815403
731,0.5886267561125131,0.6033140013209389,0.04155420721374409
732,0.6033783760152965,0.6226961554155571,0.0627291849661993
733,0.6226368455000703,0.6010089808090988,0.10462630244789473
734,0.6010871672323232,0.6091265694925508,0.03343457052717559
735,0.6091295367645112,0.6103678495911243,0.018064569567258874
736,0.6102509406652681,0.609353096402099,0.0166791866289058
737,0.6093889035722547,0.59556103983652,0.027864999518145653
738,0.5955106247336385,0.5975592817568066,0.03000929261686218
739,0.5974925668583054,0.587473904357437,0.03200015028215729
740,0.5874199791257496,0.5704774592854153,0.02400078031571879
741,0.5707218278808639,0.5030115052112499,0.09081192058097148
742,0.5031245800043868,0.4802134750905035,0.08107629235119879
743,0.4803540728520331,0.5001277490081842,0.040639949982299126
744,0.4999932550890353,0.5061588563636081,0.08740099318103041
745,0.506053807402315,0.5109463122643806,0.041851036681222045
746,0.5107816152712779,0.509318688337429,0.05630685802058677
747,0.5090447382449942,0.5138894771776088,0.03775685256489704
748,0.5136263439235097,0.5242111789313749,0.029482659533170447
749,0.5240547881623315,0.5298640549923714,0.014589187486878048
750,0.5299895603766959,0.5263402198605908,0.007058868278513056
751,0.526286167086933,0.5353747120928005,0.025042057409917814
752,0.5352631439578838,0.5395307008316673,0.02372463807781809
753,0.5394511715910346,0.5109300247923717,0.02037872846537888
754,0.5106903091617375,0.5141509503872526,0.01871463304238049
755,0.5139592177701924,0.5835846307732282,0.05066085674418336
756,0.5835421549440947,0.5826307215888336,0.021847976356525828
757,0.5825771330531114,0.5981471908518075,0.011483081513090215
758,0.5980160468926196,0.620957764198124,0.048386513733940886
759,0.6211645188705123,0.6254014982758135,0.061487611965711536
760,0.6250344115364957,0.62892171396937,0.03245582507385163
761,0.629048945070944,0.6165617692625293,0.0587202429679303
762,0.6166315639849733,0.5980753637242896,0.04340613656832423
763,0.598104292811074,0.5954638766414327,0.017418132963598065
764,0.5952946626770103,0.594713779271524,0.007348316553866759
765,0.5940289301721852,0.6009346575172885,0.02531677938441977
766,0.6008888168876583,0.6326984105439851,0.030908129451345093
767,0.6327337898555541,0.6228999672300432,0.022260421337607438
768,0.622482212170917,0.568202455149193,0.041315109430339766
769,0.5683640443285541,0.5601023396157888,0.03264512976846404
770,0.5599526407325673,0.5615589762887013,0.004381131329872674
771,0.5614247800034874,0.534548044883218,0.017973720874077052
772,0.5343269752971384,0.5128837725841439,0.050271715839025524
773,0.5126722512864045,0.5322259880500815,0.039090491073842826
774,0.5321217641289647,0.5164189652634557,0.028331968572449864
775,0.5160264705279867,0.5329701570297953,0.10076662195930344
776,0.5328966170024717,0.5470542648176018,0.042197668649525025
777,0.5469553846622723,0.5453118173331932,0.01539626948675668
778,0.5451266394505346,0.5230202589474033,0.03305881019993888
779,0.5228602519399114,0.6106208358421734,0.06919501380930436
780,0.6106101071741371,0.6291747626245264,0.05971517608196056
781,0.6292058891566313,0.6222970187451797,0.04998448300215769
782,0.6222923554178372,0.5987759122329913,0.037539430950632
783,0.5988371773496897,0.5458303330608614,0.048015746649702776
784,0.5459220393213321,0.5500315647775305,0.01394479498609133
785,0.5500109542350297,0.5343660121021845,0.022120723634517163
786,0.5344244017888503,0.528647674132616,0.048103938923485384
787,0.5285184203518446,0.5394347857187264,0.039927279351564926
788,0.539436807428795,0.591285609636255,0.05913968808960185
789,0.5910978916407571,0.5506206595505703,0.05557900990187714
790,0.5505828352508033,0.540356619191962,0.04166415666274029
791,0.5402625593989335,0.5420985674435119,0.006978866625798774
792,0.5417056580809779,0.5252548876261938,0.014903794540100795
793,0.5251036218173388,0.5542837182457675,0.03563333622521338
794,0.5541686297688394,0.549044269395723,0.03448736450159609
795,0.5489137195985629,0.577882268255132,0.08078853091412053
796,0.5777763177682439,0.5748061825933259,0.028805898244480974
797,0.5746426196434791,0.5883817593106343,0.06545013127169912
798,0.5882293059886317,0.5946041352549741,0.021883424919321534
799,0.5945726449393932,0.5795420302973501,0.023250630476042207
800,0.5794596726769653,0.5768289493277868,0.0364995036712952
801,0.5767093103253595,0.5972905072666073,0.05831460394078031
802,0.5973381208877901,0.6058237697088746,0.038351795917618
803,0.605688195756302,0.6228851774566098,0.05547546448819855
804,0.6229215057239313,0.6290804076142683,0.05409206314300272
805,0.6290818577383365,0.6315102363407354,0.013869624328040536
806,0.6315679195047337,0.6685679170031613,0.04696654201375153
807,0.6686039133473795,0.6734805555432047,0.07117945773496791
808,0.6730579277934798,0.6788758898533184,0.05652078702362261
809,0.6787570028413562,0.6724367220401712,0.050429609969239314
810,0.6724457646705561,0.6480903212087613,0.06221987356920747
811,0.6483362053330762,0.6599595824197957,0.07649503802128955
812,0.6600287583018613,0.6533665884821207,0.05043761147280265
813,0.6532119640731069,0.662706111990879,0.038857986576116
814,0.6625832059710949,0.6654077106046965,0.05977640097363436
815,0.6654487938850138,0.6483669586164822,0.05133514939062005
816,0.6481793861531475,0.6108365668411563,0.08012862456326746
817,0.6108178879035768,0.6155830232434238,0.04088793743689449
818,0.6155764850420358,0.5961539412601058,0.04417690063527473
819,0.5960223011737644,0.6040533651843897,0.011213460308455901
820,0.6040004691460293,0.5948760299505392,0.01594812359822914
821,0.5947266537397534,0.551969649138367,0.06405765587925179
822,0.5520816419011856,0.5616392903748139,0.05532344469187225
823,0.561512214034511,0.5782465210295211,0.045579582409281144
824,0.5780860840495846,0.5585773080412606,0.035691919054676516
825,0.5585677481340329,0.5684493257977253,0.028059710191713674
826,0.5683669796138814,0.5663888045783397,0.013523300178686644
827,0.5662159775449424,0.5550856734288537,0.020179279647976035
828,0.5550791927490708,0.5728066301867856,0.06333513149049187
829,0.5727774019502285,0.5836145847447387,0.03852971368774111
830,0.5835464017398873,0.581563798566094,0.0459587418326438
831,0.581464285196819,0.5680323415526563,0.06825845242121885
832,0.5679440487152444,0.5554589747988032,0.04652613392063641
833,0.5553592939127429,0.5514077625561159,0.01147104755856087
834,0.5511968719601061,0.5511291906210682,0.016863117837924164
835,0.5511046290573762,0.5669291617435676,0.06847380781374149
836,0.566705920383071,0.5295330636071804,0.06588566948499132
837,0.5294840667716209,0.54748404190467,0.055292487517036665
838,0.5474086052073711,0.5559942772313388,0.06392123672858842
839,0.5558372457980454,0.537398789313515,0.0550030983945988
840,0.5372471470275677,0.5231015714992329,0.034374328177349464
841,0.5229764142954142,0.5351505565393303,0.04354735936915585
842,0.5351100094978339,0.536112827874105,0.06102481496927745
843,0.5360040849179295,0.5236699481086445,0.044504455478225416
844,0.5235319326568104,0.5547888170903632,0.07233744717529077
845,0.5546721873346561,0.5048938003001481,0.09109022001080802
846,0.5047488544892879,0.49635941458394905,0.07541133511608407
847,0.49626438102451703,0.48774914547325676,0.03579198666011653
848,0.48763788971221206,0.4647015613273634,0.07236294770325592
849,0.4645684830795164,0.4045969205601174,0.15087268703388665
850,0.40403237632206496,0.416194349479694,0.14040827717291568
851,0.41590388801649153,0.38286075872941805,0.1716375005109407
852,0.38265778470144274,0.38464036785973177,0.1616005103174648
853,0.3841634611685483,0.3884002153253723,0.09030746307987933
854,0.3882361071071876,0.40147072440013853,0.04820350665194906
855,0.4012333944039222,0.4207027342125603,0.04010084276029423
856,0.42051147409279693,0.39766301298418855,0.060113296937657296
857,0.39745739964197013,0.4066562248994104,0.049743457145463285
858,0.40644374444481635,0.37940871952310157,0.056190743660370496
859,0.379198394811115,0.40487458763560896,0.0635366742815541
860,0.4046313618874559,0.38708442472266635,0.05460863133562703
861,0.3868646106512636,0.3907825233241201,0.014827314779840471
862,0.3905836171608521,0.40502457590753704,0.027689713713259165
863,0.4046038201676835,0.3854576432511635,0.05677585515250917
864,0.3852860516740119,0.39435079018030805,0.04240700987983116
865,0.39411154908621443,0.3928614849572169,0.0450893723201897
866,0.39269889618283005,0.3881465426291427,0.07239626016557271
867,0.3876844920507477,0.3779278388544977,0.07182846892234844
868,0.3776358237709648,0.38092045902277194,0.0686918288339856
869,0.38398690687875997,0.3910018737613272,0.017245410065959865
870,0.3907577670147873,0.4274328299740032,0.07978791807504451
871,0.42721825757465987,0.4284859304869728,0.06284217643862434
872,0.4283164602307559,0.39664317386041714,0.08527283076597272
873,0.3963779328496649,0.4073212966731044,0.04969057671200022
874,0.40713647178204043,0.3951304670970834,0.041105153303170675
875,0.39495897220547094,0.3971836870359133,0.01280062923323401
876,0.3970210726007227,0.3983618453799392,0.014795562450584075
877,0.39822282213070237,0.4217500623456034,0.058145389440488346
878,0.42158853644924904,0.41831225127575444,0.08419569235825936
879,0.4180670059440152,0.4032773857109727,0.053110844143603175
880,0.4030990804937674,0.4016421796849825,0.027868248435068008
881,0.40142115898554537,0.38521632656818205,0.052004952157738066
882,0.38502290646707055,0.3736661687598954,0.04426718011597269
883,0.3736530475256419,0.34813480753676246,0.06468741214596674
884,0.3474978129001668,0.2798356026196932,0.16518872444436455
885,0.2795556065448619,0.2753529595810937,0.11414001434521223
886,0.2748990261847436,0.28120072366923043,0.12594471079903327
887,0.28096763491945326,0.2461954828942931,0.05589169412515073
888,0.24594468473536713,0.24763059015018246,0.043930162828835204
889,0.24734693923434764,0.22440484227790902,0.08785204497867913
890,0.2239642065061911,0.2489372073491133,0.06813196340539956
891,0.24862509986215398,0.2496763215961348,0.05481256656926359
892,0.24927938745216732,0.2514505639732196,0.04935593194215113
893,0.2512797844026682,0.23989123276115787,0.048188523149873416
894,0.23956371792482573,0.25744582016899187,0.04114220424098723
895,0.2571191286174581,0.2597747102518793,0.0375099144988531
896,0.25950070671678216,0.2640989716661171,0.018068084072979176
897,0.2637036918145259,0.2565099457716108,0.017048442571074005
898,0.25621724658744977,0.25184804693475316,0.025723943391217842
899,0.2514737318193423,0.24458171267916512,0.026951639349703488
900,0.2442731646472736,0.2417602669772519,0.03336175696343294
901,0.24150953105881612,0.23665935524544351,0.041375859882326255
902,0.23690753451520824,0.22842625655935422,0.054662270931636434
903,0.22818396020202758,0.22799314085254463,0.017264695673160066
904,0.2276605113941531,0.22886892009458276,0.012217399046500613
905,0.2285433452959742,0.24379295596477568,0.02758079020834922
906,0.24338077545491926,0.24313562230038854,0.04269941100048555
907,0.24288939620056665,0.24885692446505442,0.03645049625698735
908,0.2485362606413461,0.26625965147774094,0.0400406165390674
909,0.26595255754533204,0.2677538242212026,0.11114711548805381
910,0.2672263776980268,0.26553467176102596,0.051336695830766485
911,0.26521592583395825,0.2538445103379814,0.04852512960826014
912,0.2534691637659386,0.2396280746406167,0.035125800767864535
913,0.2393057875333061,0.22929766751388042,0.040026585577257565
914,0.22900153084497743,0.24348642698965156,0.0613784686272387
915,0.24315875546899862,0.24920317365448358,0.05581719994664762
916,0.2489414236958215,0.25345916497532034,0.04030810616324247
917,0.25311343216543114,0.2591142875841802,0.03557663665559904
918,0.25888407821298826,0.25254881385783046,0.031516732037804765
919,0.2522789992450696,0.2798084568330118,0.08184416473925457
920,0.2792336619520572,0.29424617749491033,0.10779730620280975
921,0.2940279683978438,0.29172683007650196,0.0905773787854949
922,0.291470054593809,0.2906548211190164,0.06311615744579958
923,0.29035970485268864,0.2834714531241017,0.05659310904186869
924,0.2830569335436413,0.2794855779817716,0.034746574199624417
925,0.27919625267735493,0.281781019463139,0.03339941387911868
926,0.2814608877601849,0.2618522365905079,0.06885415916127266
927,0.2615393560558558,0.2599040739663403,0.04833578656286029
928,0.25966954807597664,0.28691528619030643,0.05758922450270379
929,0.2866806994122934,0.30150627133976704,0.08254655570860717
930,0.3012548594585385,0.3008791724653733,0.06977731882683817
931,0.300481130736859,0.2985080035997809,0.046929131777179875
932,0.2981669080678628,0.29340687345359695,0.03336427107454461
933,0.2931250871217666,0.29304427438805164,0.04014154678037149
934,0.2926728658227367,0.287675212207117,0.047640739394352316
935,0.28744271821910367,0.2855726930235094,0.04143765230955955
936,0.28531491739482556,0.2821291719778412,0.03798950556490309
937,0.2817754941396716,0.2926467290224108,0.04909328159688199
938,0.2924009147598137,0.287406219302542,0.010999379035965727
939,0.2871581829010012,0.2908347321604013,0.010729409444393871
940,0.29061192080575204,0.30095670956871035,0.048190741440311616
941,0.3007156100722005,0.29064985999248494,0.033370551637450244
942,0.290346058898561,0.3031638180361755,0.06077324471562731
943,0.30290374037788487,0.303321762831786,0.07343758066790318
944,0.30304535228170343,0.3104354566408852,0.04432395418767483
945,0.31015973448033457,0.3107749349846708,0.03169252627847688
946,0.3105893166106173,0.3091017560593803,0.03171256453833225
947,0.30881880870882916,0.30618845151150154,0.06752248129573911
948,0.3057462519529015,0.3021357727722923,0.04576434055456993
949,0.30183208019549246,0.29339252050891484,0.05514666563604534
950,0.29319416000627524,0.2914233901046899,0.03393708614397048
951,0.29115207575883995,0.2541177467218537,0.08342405981573289
952,0.2537327773694747,0.2587267892798168,0.04529782892271371
953,0.2583301211735745,0.2646067226852737,0.03203193055227989
954,0.2642627699900425,0.2624466357126693,0.05731626233040031
955,0.2621776557087677,0.2645103395415279,0.05794151272796867
956,0.2641827053987766,0.2623845124238387,0.05818942800986587
957,0.26208834809136505,0.26567361450595955,0.05543320865768367
958,0.2652959591987845,0.24425237500281793,0.0887889756886855
959,0.24397435884625046,0.2407652334861376,0.05274083039991351
960,0.24043390511858803,0.23397688349051754,0.035765162321425834
961,0.23362494872618605,0.24485903653206648,0.06018402533159338
962,0.24455201675335958,0.2368523711493643,0.06563257160935632
963,0.2365735677431378,0.24089344272461322,0.061918162303343946
964,0.24058519721869848,0.24212957448433337,0.052933621296243225
965,0.24179347307456522,0.23961553141504666,0.04980995975204654
966,0.23929370290116103,0.23741597384456647,0.033539815415108865
967,0.23709938976042572,0.23988617802846546,0.03836041254242149
968,0.2395985978579162,0.2371009891129014,0.04889314593724757
969,0.23686363014105855,0.2215296666395989,0.09196919582866286
970,0.22119479602639808,0.22876105459509133,0.06786570593091101
971,0.22842546548629056,0.22939224093851407,0.05887503168520357
972,0.22903619219299037,0.2621629778428756,0.10692437695786763
973,0.2617918218204365,0.26694581583970695,0.07280785517038812
974,0.26661427702798235,0.26836310672295827,0.06566384176086429
975,0.26807885950050686,0.2779674420611016,0.11206899424617653
976,0.27769291819322317,0.24483847437870665,0.11466417537080353
977,0.24272848635704358,0.2439499646987765,0.07563808422050637
978,0.24365153991313554,0.23532515543108012,0.07125868591518461
979,0.23504550191880225,0.2364653720778594,0.05276041173036025
980,0.23621305849736374,0.24213653254229883,0.03750892010042994
981,0.24181205280615775,0.2308247896260036,0.05610072950571296
982,0.23048200757528442,0.23281569906368094,0.08244209178323672
983,0.23251278785156598,0.22237830009495563,0.07244651226221469
984,0.22205174320974824,0.21689251103129104,0.10070755136037585
985,0.2163499202351825,0.23072965456440409,0.08527268487650695
986,0.23038333202598638,0.22887790628603594,0.07866037769852809
987,0.22853816170699204,0.2231167278967967,0.041028675267072004
988,0.22277163754946894,0.22096141483840182,0.03279262355483761
989,0.22065467229974983,0.2276802778605282,0.09416814970831652
990,0.22733666198852964,0.2258890303642005,0.13674856929554183
991,0.22546257598641822,0.23094005001221168,0.12051032958388586
992,0.23062920901180056,0.23327773907423038,0.08498358029978821
993,0.23295788952235535,0.23102101934145097,0.09365577186325655
994,0.23068238763852672,0.2291088638872033,0.019092540051252563
995,0.228775732459859,0.2248276301049582,0.025134243556549474
996,0.2244944626779095,0.23408496740438461,0.053827287579548924
997,0.233759722039721,0.24547967658135322,0.0697774042643622
998,0.24514819193918186,0.24266596898874687,0.061913904155484506
999,0.24235252002364216,0.2393866331494206,0.06630585875069839
1000,0.23917435544881388,0.2390953619785347,0.05122893151752467
